,route_name,route_link,busname,bustype,departing_time,duration,reaching_time,star_rating,price
0,Patna (Bihar) to Bettiah,https://www.redbus.in/bus-tickets/patna-to-bettiah,Om Sai Ram (C.T),NON A/C Seater (2+2),14:10,06h 50m,21:00,3.3,500
1,Patna (Bihar) to Bettiah,https://www.redbus.in/bus-tickets/patna-to-bettiah,Om Sai Ram (C.T),NON A/C Seater (2+2),14:50,07h 00m,21:50,3.3,450
2,Patna (Bihar) to Bettiah,https://www.redbus.in/bus-tickets/patna-to-bettiah,Jai Mata Di Tour and Travels,A/C Seater / Sleeper (2+2),20:28,05h 32m,02:00,3.2,450
3,Patna (Bihar) to Bettiah,https://www.redbus.in/bus-tickets/patna-to-bettiah,Jai Hanuman Travels,A/C Seater / Sleeper (2+2),22:20,06h 40m,05:00,3.7,523
4,Patna (Bihar) to Bettiah,https://www.redbus.in/bus-tickets/patna-to-bettiah,Vivek Travels,A/C Seater (2+2),13:25,07h 00m,20:25,0.0,450
5,Patna (Bihar) to Bettiah,https://www.redbus.in/bus-tickets/patna-to-bettiah,Vivek Travels,A/C Seater / Sleeper (2+2),13:30,07h 00m,20:30,0.0,400
6,Patna (Bihar) to Bettiah,https://www.redbus.in/bus-tickets/patna-to-bettiah,V.I.P Travels,A/C Seater / Sleeper (2+2),21:40,06h 00m,03:40,2.7,445
7,Patna (Bihar) to Bettiah,https://www.redbus.in/bus-tickets/patna-to-bettiah,Jai Mata Di Tour and Travels,A/C Seater / Sleeper (2+2),22:40,05h 20m,04:00,2.6,405
8,Gopalganj (Bihar) to Delhi,https://www.redbus.in/bus-tickets/gopalganj-to-delhi,ROYAL TRAVELS AND CARGO,A/C Seater / Sleeper (2+2),17:30,15h 00m,08:30,2.4,1596
9,Gopalganj (Bihar) to Delhi,https://www.redbus.in/bus-tickets/gopalganj-to-delhi,New Travel India,A/C Seater / Sleeper (2+1),18:00,14h 00m,08:00,1.3,2249
10,Gopalganj (Bihar) to Delhi,https://www.redbus.in/bus-tickets/gopalganj-to-delhi,New Travel India,A/C Seater / Sleeper (2+1),17:40,14h 50m,08:30,1.3,2249
11,Patna (Bihar) to Motihari,https://www.redbus.in/bus-tickets/patna-to-motihari,Bihar state road transport corporation (BSRTC) - 150571,Non AC Seater (2+2),21:20,03h 40m,01:00,3.6,230
12,Patna (Bihar) to Motihari,https://www.redbus.in/bus-tickets/patna-to-motihari,Ramna Travels,NON A/C Seater (2+2),12:45,03h 15m,16:00,0.0,240
13,Patna (Bihar) to Motihari,https://www.redbus.in/bus-tickets/patna-to-motihari,Siddhi Vinayak (BSRTC U/T),Non AC Seater (2+2),15:30,04h 00m,19:30,1.5,220
14,Patna (Bihar) to Motihari,https://www.redbus.in/bus-tickets/patna-to-motihari,Jai Hanuman Travels,A/C Seater / Sleeper (2+2),22:00,06h 00m,04:00,4.5,523
15,Patna (Bihar) to Motihari,https://www.redbus.in/bus-tickets/patna-to-motihari,Jai Hanuman Travels,A/C Seater / Sleeper (2+2),22:20,04h 55m,03:15,3.6,523
16,Patna (Bihar) to Motihari,https://www.redbus.in/bus-tickets/patna-to-motihari,Jai Mata Di Tour and Travels,A/C Seater / Sleeper (2+2),13:53,05h 27m,19:20,1.9,360
17,Patna (Bihar) to Motihari,https://www.redbus.in/bus-tickets/patna-to-motihari,Jai Mata Di Tour and Travels,A/C Seater / Sleeper (2+2),20:28,03h 02m,23:30,1.1,450
18,Delhi to Motihari,https://www.redbus.in/bus-tickets/delhi-to-motihari,Bihar state road transport corporation (BSRTC) - 152185,Volvo AC Seater 2+2,14:00,18h 30m,08:30,3.7,1148
19,Delhi to Motihari,https://www.redbus.in/bus-tickets/delhi-to-motihari,Rajdhani Express,A/C Seater / Sleeper (2+2),15:50,18h 10m,10:00,1.1,1999
20,Delhi to Motihari,https://www.redbus.in/bus-tickets/delhi-to-motihari,Travel Point World LLP,A/C Seater / Sleeper (2+2),14:30,16h 30m,07:00,1.5,1757
21,Delhi to Motihari,https://www.redbus.in/bus-tickets/delhi-to-motihari,Travel Point World LLP,A/C Seater / Sleeper (2+2),16:00,16h 01m,08:01,1.4,1757
22,Bettiah to Patna (Bihar),https://www.redbus.in/bus-tickets/bettiah-to-patna,Bihar state road transport corporation (BSRTC) - 146159,Non AC Seater (2+2),14:30,05h 00m,19:30,2.7,285
23,Bettiah to Patna (Bihar),https://www.redbus.in/bus-tickets/bettiah-to-patna,Bihar state road transport corporation (BSRTC) - 170674,Non AC Seater (2+2),20:30,05h 30m,02:00,2.3,285
24,Bettiah to Patna (Bihar),https://www.redbus.in/bus-tickets/bettiah-to-patna,Vivek Travels,A/C Seater / Sleeper (2+1),13:15,07h 15m,20:30,0.0,450
25,Bettiah to Patna (Bihar),https://www.redbus.in/bus-tickets/bettiah-to-patna,Saurabh Travels,A/C Seater Push Back (2+2),15:00,17h 45m,08:45,0.0,405
26,Bettiah to Patna (Bihar),https://www.redbus.in/bus-tickets/bettiah-to-patna,Saurabh Travels,A/C Seater Push Back (2+2),15:00,06h 00m,21:00,0.0,405
27,Bettiah to Patna (Bihar),https://www.redbus.in/bus-tickets/bettiah-to-patna,Saurabh Travels,A/C Seater Push Back (2+2),15:15,06h 05m,21:20,0.0,405
28,Bettiah to Patna (Bihar),https://www.redbus.in/bus-tickets/bettiah-to-patna,Saurabh Travels,A/C Seater Push Back (2+2),15:21,06h 24m,21:45,0.0,405
29,Bettiah to Patna (Bihar),https://www.redbus.in/bus-tickets/bettiah-to-patna,Saurabh Travels,A/C Seater Push Back (2+2),15:30,06h 45m,22:15,0.0,405
30,Bettiah to Patna (Bihar),https://www.redbus.in/bus-tickets/bettiah-to-patna,Saurabh Travels,A/C Seater Push Back (2+2),15:37,06h 38m,22:15,0.0,405
31,Bettiah to Patna (Bihar),https://www.redbus.in/bus-tickets/bettiah-to-patna,Jai Hanuman Travels,A/C Seater / Sleeper (2+2),21:55,07h 36m,05:31,2.3,523
32,Bettiah to Patna (Bihar),https://www.redbus.in/bus-tickets/bettiah-to-patna,Jai Mata Di Tour and Travels,A/C Seater / Sleeper (2+2),22:00,07h 00m,05:00,2.2,450
33,Patna (Bihar) to Balmiki Nagar (bihar),https://www.redbus.in/bus-tickets/patna-to-balmiki-nagar-bihar,Jai Mata Di Tour and Travels,A/C Seater / Sleeper (2+2),20:28,09h 32m,06:00,3.3,450
34,Patna (Bihar) to Balmiki Nagar (bihar),https://www.redbus.in/bus-tickets/patna-to-balmiki-nagar-bihar,Jai Mata Di Tour and Travels,A/C Seater / Sleeper (2+2),22:40,08h 20m,07:00,3.0,405
35,Balmiki Nagar (bihar) to Patna (Bihar),https://www.redbus.in/bus-tickets/balmiki-nagar-bihar-to-patna,Jai Mata Di Tour and Travels,A/C Seater / Sleeper (2+2),18:30,10h 30m,05:00,2.2,450
36,Patna (Bihar) to Katihar,https://www.redbus.in/bus-tickets/patna-to-katihar,Bihar state road transport corporation (BSRTC) - 142847,AC Seater (2+2),21:25,09h 05m,06:30,3.3,468
37,Patna (Bihar) to Katihar,https://www.redbus.in/bus-tickets/patna-to-katihar,SOBHA TRAVELS (A.T),A/C Seater / Sleeper (2+1),20:40,08h 20m,05:00,2.2,540
38,Patna (Bihar) to Katihar,https://www.redbus.in/bus-tickets/patna-to-katihar,Sri Krishna Rath,A/C Seater / Sleeper (2+2),20:30,09h 05m,05:35,1.8,694
39,Patna (Bihar) to Purnea,https://www.redbus.in/bus-tickets/patna-to-purnea,Bihar state road transport corporation (BSRTC) - 142847,AC Seater (2+2),21:25,08h 15m,05:40,3.4,468
40,Patna (Bihar) to Purnea,https://www.redbus.in/bus-tickets/patna-to-purnea,MAA SHANTI TRAVELS,A/C Seater / Sleeper (2+1),21:25,08h 55m,06:20,4.4,550
41,Patna (Bihar) to Purnea,https://www.redbus.in/bus-tickets/patna-to-purnea,Divya Rath,A/C Sleeper (2+1),20:45,09h 00m,05:45,4.1,618
42,Patna (Bihar) to Purnea,https://www.redbus.in/bus-tickets/patna-to-purnea,AITIANA CRUISELINERS,A/C Seater / Sleeper (2+1),21:15,09h 00m,06:15,4.0,500
43,Patna (Bihar) to Purnea,https://www.redbus.in/bus-tickets/patna-to-purnea,AITIANA CRUISELINERS,Bharat Benz A/C Seater /Sleeper (2+1),20:20,09h 10m,05:30,3.8,500
44,Patna (Bihar) to Purnea,https://www.redbus.in/bus-tickets/patna-to-purnea,MAA SHANTI TRAVELS,A/C Seater / Sleeper (2+1),22:10,08h 25m,06:35,4.3,550
45,Patna (Bihar) to Purnea,https://www.redbus.in/bus-tickets/patna-to-purnea,Sadhvi Rath,A/C Seater / Sleeper (2+1),20:20,10h 00m,06:20,3.4,495
46,Patna (Bihar) to Purnea,https://www.redbus.in/bus-tickets/patna-to-purnea,Raj Bus Services,A/C Seater / Sleeper (2+1),19:25,09h 40m,05:05,4.0,463
47,Patna (Bihar) to Purnea,https://www.redbus.in/bus-tickets/patna-to-purnea,Sri Krishna Tours and Travels,A/C Seater / Sleeper (2+1),20:25,08h 50m,05:15,3.6,650
48,Patna (Bihar) to Purnea,https://www.redbus.in/bus-tickets/patna-to-purnea,Raj Bus Services,Bharat Benz A/C Seater /Sleeper (2+1),18:25,09h 10m,03:35,3.2,450
49,Patna (Bihar) to Purnea,https://www.redbus.in/bus-tickets/patna-to-purnea,Sri Krishna Tours and Travels,A/C Seater / Sleeper (2+2),20:30,08h 50m,05:20,2.5,600
50,Patna (Bihar) to Purnea,https://www.redbus.in/bus-tickets/patna-to-purnea,Raj Bus Services,Bharat Benz A/C Seater /Sleeper (2+1),20:35,09h 00m,05:35,3.7,450
51,Patna (Bihar) to Purnea,https://www.redbus.in/bus-tickets/patna-to-purnea,Raj Bus Services,A/C Seater / Sleeper (2+2),16:06,11h 29m,03:35,3.7,540
52,Patna (Bihar) to Purnea,https://www.redbus.in/bus-tickets/patna-to-purnea,Raj Bus Services,A/C Seater / Sleeper (2+1),16:55,10h 10m,03:05,3.7,450
53,Patna (Bihar) to Purnea,https://www.redbus.in/bus-tickets/patna-to-purnea,Meera Travels (Yvts),A/C Seater / Sleeper (2+1),20:30,09h 00m,05:30,3.2,600
54,Patna (Bihar) to Purnea,https://www.redbus.in/bus-tickets/patna-to-purnea,Shatabdi Travels,A/C Seater / Sleeper (2+1),21:55,09h 00m,06:55,3.3,600
55,Patna (Bihar) to Purnea,https://www.redbus.in/bus-tickets/patna-to-purnea,Maa Satyabhama Rath,A/C Seater / Sleeper (2+1),21:00,09h 00m,06:00,3.4,600
56,Patna (Bihar) to Purnea,https://www.redbus.in/bus-tickets/patna-to-purnea,Hawa Hawai,A/C Seater / Sleeper (2+1),20:00,09h 00m,05:00,4.0,570
57,Patna (Bihar) to Purnea,https://www.redbus.in/bus-tickets/patna-to-purnea,Shatabdi Travels,A/C Seater / Sleeper (2+1),20:20,09h 00m,05:20,2.5,600
58,Patna (Bihar) to Purnea,https://www.redbus.in/bus-tickets/patna-to-purnea,Aarush Krrish,A/C Seater / Sleeper (2+1),21:00,09h 00m,06:00,2.0,540
59,Patna (Bihar) to Purnea,https://www.redbus.in/bus-tickets/patna-to-purnea,Shree Sai Krishna Luxury,A/C Seater / Sleeper (2+1),20:15,10h 00m,06:15,2.3,600
60,Patna (Bihar) to Purnea,https://www.redbus.in/bus-tickets/patna-to-purnea,Shivam Travels,NON A/C Seater / Sleeper (2+2),21:00,09h 30m,06:30,1.2,450
61,Patna (Bihar) to Purnea,https://www.redbus.in/bus-tickets/patna-to-purnea,Sree Balaji Travels,A/C Seater / Sleeper (2+1),20:15,08h 45m,05:00,1.0,509
62,Patna (Bihar) to Purnea,https://www.redbus.in/bus-tickets/patna-to-purnea,Sameer Travels (GT),A/C Seater / Sleeper (2+2),16:30,10h 00m,02:30,2.6,650
63,Patna (Bihar) to Purnea,https://www.redbus.in/bus-tickets/patna-to-purnea,Sri Krishna Rath,A/C Seater / Sleeper (2+2),20:30,09h 15m,05:45,2.1,463
64,Patna (Bihar) to Purnea,https://www.redbus.in/bus-tickets/patna-to-purnea,Jay Jagdambay Tour And Travels,A/C Seater / Sleeper (2+1),17:00,09h 30m,02:30,1.9,630
65,Patna (Bihar) to Hazaribagh,https://www.redbus.in/bus-tickets/patna-to-hazaribagh,Bihar state road transport corporation (BSRTC) - 153594,AC Seater (2+2),20:41,07h 19m,04:00,3.1,396
66,Patna (Bihar) to Hazaribagh,https://www.redbus.in/bus-tickets/patna-to-hazaribagh,Maharani Transport,A/C Seater / Sleeper (2+2),16:15,09h 45m,02:00,3.0,555
67,Patna (Bihar) to Hazaribagh,https://www.redbus.in/bus-tickets/patna-to-hazaribagh,Rajdhani bus service,Non A/C Seater / Sleeper (2+1),18:30,07h 00m,01:30,3.6,509
68,Patna (Bihar) to Hazaribagh,https://www.redbus.in/bus-tickets/patna-to-hazaribagh,Rekha Luxury,A/C Seater / Sleeper (2+1),20:00,08h 00m,04:00,3.5,509
69,Patna (Bihar) to Hazaribagh,https://www.redbus.in/bus-tickets/patna-to-hazaribagh,Arzoo Travels,A/C Seater / Sleeper (2+1),20:30,06h 00m,02:30,3.7,463
70,Patna (Bihar) to Hazaribagh,https://www.redbus.in/bus-tickets/patna-to-hazaribagh,Sadhvi Rath,A/C Seater / Sleeper (2+1),20:40,06h 00m,02:40,3.1,540
71,Patna (Bihar) to Hazaribagh,https://www.redbus.in/bus-tickets/patna-to-hazaribagh,Arzoo Travels,Bharat Benz A/C Seater /Sleeper (2+1),20:45,06h 45m,03:30,3.7,481
72,Patna (Bihar) to Hazaribagh,https://www.redbus.in/bus-tickets/patna-to-hazaribagh,Bharat paryatan (patliputra services),A/C Semi Sleeper (2+2),21:00,05h 18m,02:18,4.0,600
73,Patna (Bihar) to Hazaribagh,https://www.redbus.in/bus-tickets/patna-to-hazaribagh,Mahuli Travels,A/C Seater / Sleeper (2+1),21:15,06h 45m,04:00,3.7,495
74,Patna (Bihar) to Hazaribagh,https://www.redbus.in/bus-tickets/patna-to-hazaribagh,MAA SHANTI TRAVELS,A/C Seater/Sleeper (2+1),21:40,06h 40m,04:20,3.5,600
75,Patna (Bihar) to Hazaribagh,https://www.redbus.in/bus-tickets/patna-to-hazaribagh,Bhawani Travels,NON A/C Seater Push Back (2+2),13:25,07h 50m,21:15,0.0,449
76,Patna (Bihar) to Hazaribagh,https://www.redbus.in/bus-tickets/patna-to-hazaribagh,Maharani Express,A/C Seater / Sleeper (2+2),18:00,07h 45m,01:45,2.6,585
77,Patna (Bihar) to Hazaribagh,https://www.redbus.in/bus-tickets/patna-to-hazaribagh,Puja Rath,A/C Seater / Sleeper (2+1),21:00,06h 30m,03:30,2.0,540
78,Patna (Bihar) to Hazaribagh,https://www.redbus.in/bus-tickets/patna-to-hazaribagh,KRISHNA RATH LUXURY,A/C Seater / Sleeper (2+1),21:00,06h 00m,03:00,1.7,495
79,Patna (Bihar) to Hazaribagh,https://www.redbus.in/bus-tickets/patna-to-hazaribagh,Sri Krishna Rath,A/C Seater / Sleeper (2+1),21:15,06h 15m,03:30,1.8,463
80,Patna (Bihar) to Hazaribagh,https://www.redbus.in/bus-tickets/patna-to-hazaribagh,Sri Krishna Rath,A/C Seater / Sleeper (2+2),21:15,06h 15m,03:30,1.8,463
81,Patna (Bihar) to Hazaribagh,https://www.redbus.in/bus-tickets/patna-to-hazaribagh,Chandralok Travels,A/C Seater / Sleeper (2+1),21:20,07h 10m,04:30,2.2,600
82,Patna (Bihar) to Hazaribagh,https://www.redbus.in/bus-tickets/patna-to-hazaribagh,Sri Krishna Rath,NON A/C Seater / Sleeper (2+2),22:35,07h 25m,06:00,1.8,400
83,Patna (Bihar) to Hazaribagh,https://www.redbus.in/bus-tickets/patna-to-hazaribagh,Arzoo Travels,A/C Sleeper (2+1),19:30,06h 00m,01:30,3.7,925
84,Patna (Bihar) to Hazaribagh,https://www.redbus.in/bus-tickets/patna-to-hazaribagh,Divya Rath,A/C Sleeper (2+1),20:15,06h 45m,03:00,4.1,855
85,Patna (Bihar) to Hazaribagh,https://www.redbus.in/bus-tickets/patna-to-hazaribagh,MAA SHANTI TRAVELS,A/C Seater / Sleeper (2+1),20:27,06h 48m,03:15,3.5,800
86,Patna (Bihar) to Hazaribagh,https://www.redbus.in/bus-tickets/patna-to-hazaribagh,Pappu Travels (yvts),A/C Seater/Sleeper (2+1),21:30,06h 00m,03:30,3.0,800
87,Patna (Bihar) to Hazaribagh,https://www.redbus.in/bus-tickets/patna-to-hazaribagh,Tejas Maa Bhawani,A/C Sleeper (2+1),21:30,06h 30m,04:00,2.1,800
88,Ranchi to Patna (Bihar),https://www.redbus.in/bus-tickets/ranchi-to-patna,Bihar state road transport corporation (BSRTC) - 153614,AC Seater (2+2),20:55,08h 35m,05:30,3.0,500
89,Ranchi to Patna (Bihar),https://www.redbus.in/bus-tickets/ranchi-to-patna,Rekha Luxury,A/C Seater / Sleeper (2+1),20:30,09h 30m,06:00,4.1,509
90,Ranchi to Patna (Bihar),https://www.redbus.in/bus-tickets/ranchi-to-patna,MAA SHANTI TRAVELS,A/C Seater/Sleeper (2+1),21:00,09h 35m,06:35,3.9,500
91,Ranchi to Patna (Bihar),https://www.redbus.in/bus-tickets/ranchi-to-patna,Sri Sai ( Jharkhand Paryatak),A/C Seater / Sleeper (2+1),21:15,08h 45m,06:00,3.6,428
92,Ranchi to Patna (Bihar),https://www.redbus.in/bus-tickets/ranchi-to-patna,Divya Rath,A/C Sleeper (2+1),22:10,07h 20m,05:30,3.6,855
93,Ranchi to Patna (Bihar),https://www.redbus.in/bus-tickets/ranchi-to-patna,Rajdhani bus service,A/C Sleeper (2+1),23:00,06h 50m,05:50,3.8,739
94,Ranchi to Patna (Bihar),https://www.redbus.in/bus-tickets/ranchi-to-patna,Mahuli Travels,A/C Seater / Sleeper (2+1),21:15,09h 00m,06:15,3.6,495
95,Ranchi to Patna (Bihar),https://www.redbus.in/bus-tickets/ranchi-to-patna,Sadhvi Rath,A/C Seater / Sleeper (2+1),20:30,09h 00m,05:30,2.6,540
96,Ranchi to Patna (Bihar),https://www.redbus.in/bus-tickets/ranchi-to-patna,Rajdhani bus service,Non A/C Seater / Sleeper (2+1),21:40,07h 20m,05:00,1.5,555
97,Ranchi to Patna (Bihar),https://www.redbus.in/bus-tickets/ranchi-to-patna,MAA SHANTI TRAVELS,A/C Seater / Sleeper (2+1),22:20,08h 20m,06:40,4.6,700
98,Ranchi to Patna (Bihar),https://www.redbus.in/bus-tickets/ranchi-to-patna,VIJAY RATH,A/C Seater / Sleeper (2+1),22:00,08h 10m,06:10,3.8,648
99,Ranchi to Patna (Bihar),https://www.redbus.in/bus-tickets/ranchi-to-patna,Puja Rath,A/C Seater / Sleeper (2+1),20:30,09h 00m,05:30,3.2,540
100,Ranchi to Patna (Bihar),https://www.redbus.in/bus-tickets/ranchi-to-patna,Arzoo Travels,Bharat Benz A/C Seater /Sleeper (2+1),21:00,08h 40m,05:40,3.2,570
101,Ranchi to Patna (Bihar),https://www.redbus.in/bus-tickets/ranchi-to-patna,Arzoo Travels,A/C Sleeper (2+1),21:30,08h 30m,06:00,2.7,925
102,Ranchi to Patna (Bihar),https://www.redbus.in/bus-tickets/ranchi-to-patna,Maharani Express,A/C Seater / Sleeper (2+2),23:35,08h 25m,08:00,2.5,585
103,Ranchi to Patna (Bihar),https://www.redbus.in/bus-tickets/ranchi-to-patna,Chandralok Travels,A/C Seater / Sleeper (2+1),21:35,08h 55m,06:30,2.0,499
104,Ranchi to Patna (Bihar),https://www.redbus.in/bus-tickets/ranchi-to-patna,Maa Bhawani Travels,A/C Seater / Sleeper (2+1),17:10,09h 50m,03:00,2.2,540
105,Ranchi to Patna (Bihar),https://www.redbus.in/bus-tickets/ranchi-to-patna,JGD Travels Pvt Ltd.,Bharat Benz A/C Sleeper (2+1),20:35,07h 25m,04:00,2.2,925
106,Ranchi to Patna (Bihar),https://www.redbus.in/bus-tickets/ranchi-to-patna,Arzoo Travels,A/C Seater / Sleeper (2+1),21:00,08h 00m,05:00,1.4,475
107,Ranchi to Patna (Bihar),https://www.redbus.in/bus-tickets/ranchi-to-patna,Tejas Maa Bhawani,A/C Seater / Sleeper (2+2),18:15,09h 46m,04:01,2.1,800
108,Ranchi to Patna (Bihar),https://www.redbus.in/bus-tickets/ranchi-to-patna,Pihu (yvts),A/C Seater / Sleeper (2+1),21:55,08h 15m,06:10,2.4,650
109,Ranchi to Patna (Bihar),https://www.redbus.in/bus-tickets/ranchi-to-patna,Maharani Transport,A/C Seater / Sleeper (2+2),21:30,09h 30m,07:00,3.0,630
110,Ranchi to Patna (Bihar),https://www.redbus.in/bus-tickets/ranchi-to-patna,Pihu Enterprises Private Limited,A/C Seater / Sleeper (2+1),20:30,09h 30m,06:00,2.7,630
111,Ranchi to Patna (Bihar),https://www.redbus.in/bus-tickets/ranchi-to-patna,Pihu Enterprises Private Limited,A/C Seater / Sleeper (2+1),22:10,10h 00m,08:10,2.7,675
112,Ranchi to Patna (Bihar),https://www.redbus.in/bus-tickets/ranchi-to-patna,Pappu Travels (yvts),A/C Seater/Sleeper (2+1),16:45,09h 55m,02:40,2.4,800
113,Ranchi to Patna (Bihar),https://www.redbus.in/bus-tickets/ranchi-to-patna,Jai Mata Di Tour and Travels,A/C Seater / Sleeper (2+2),19:15,09h 15m,04:30,2.3,900
114,Ranchi to Patna (Bihar),https://www.redbus.in/bus-tickets/ranchi-to-patna,Tejas Maa Bhawani,A/C Sleeper (2+1),18:30,09h 20m,03:50,2.1,700
115,Ranchi to Patna (Bihar),https://www.redbus.in/bus-tickets/ranchi-to-patna,RAUSHAN TRAVELS AND HOSPITALITY,A/C Seater / Sleeper (2+2),19:30,08h 30m,04:00,1.7,700
116,Hazaribagh to Patna (Bihar),https://www.redbus.in/bus-tickets/hazaribagh-to-patna,Bihar state road transport corporation (BSRTC) - 153614,AC Seater (2+2),23:15,06h 15m,05:30,3.6,377
117,Hazaribagh to Patna (Bihar),https://www.redbus.in/bus-tickets/hazaribagh-to-patna,MAA SHANTI TRAVELS,A/C Seater/Sleeper (2+1),23:30,07h 05m,06:35,3.8,600
118,Hazaribagh to Patna (Bihar),https://www.redbus.in/bus-tickets/hazaribagh-to-patna,Arzoo Travels,A/C Seater / Sleeper (2+1),23:30,05h 30m,05:00,3.7,475
119,Hazaribagh to Patna (Bihar),https://www.redbus.in/bus-tickets/hazaribagh-to-patna,Rekha Luxury,A/C Seater / Sleeper (2+1),23:35,06h 25m,06:00,3.6,509
120,Hazaribagh to Patna (Bihar),https://www.redbus.in/bus-tickets/hazaribagh-to-patna,Rajdhani bus service,Non A/C Seater / Sleeper (2+1),23:45,05h 15m,05:00,3.6,509
121,Hazaribagh to Patna (Bihar),https://www.redbus.in/bus-tickets/hazaribagh-to-patna,Rajdhani bus service,NON A/C Sleeper (2+1),23:59,05h 51m,05:50,3.9,648
122,Hazaribagh to Patna (Bihar),https://www.redbus.in/bus-tickets/hazaribagh-to-patna,Sri Krishna Rath,NON A/C Seater / Sleeper (2+2),21:00,07h 00m,04:00,1.8,400
123,Hazaribagh to Patna (Bihar),https://www.redbus.in/bus-tickets/hazaribagh-to-patna,Tejas Maa Bhawani,A/C Sleeper (2+1),21:41,06h 09m,03:50,2.1,700
124,Hazaribagh to Patna (Bihar),https://www.redbus.in/bus-tickets/hazaribagh-to-patna,Rajshri Travels,Non A/C Seater / Sleeper (2+1),21:50,07h 00m,04:50,1.6,399
125,Hazaribagh to Patna (Bihar),https://www.redbus.in/bus-tickets/hazaribagh-to-patna,Sadhvi Rath,A/C Seater / Sleeper (2+1),23:28,06h 02m,05:30,1.0,540
126,Hazaribagh to Patna (Bihar),https://www.redbus.in/bus-tickets/hazaribagh-to-patna,Pihu Enterprises Private Limited,A/C Seater / Sleeper (2+1),23:35,06h 25m,06:00,2.7,630
127,Hazaribagh to Patna (Bihar),https://www.redbus.in/bus-tickets/hazaribagh-to-patna,Mahuli Travels,A/C Seater / Sleeper (2+1),23:55,06h 20m,06:15,2.2,540
128,Hazaribagh to Patna (Bihar),https://www.redbus.in/bus-tickets/hazaribagh-to-patna,Pappu Travels (yvts),A/C Seater/Sleeper (2+1),20:00,06h 40m,02:40,3.0,800
129,Hazaribagh to Patna (Bihar),https://www.redbus.in/bus-tickets/hazaribagh-to-patna,Arzoo Travels,A/C Sleeper (2+1),23:15,06h 45m,06:00,3.7,950
130,Hazaribagh to Patna (Bihar),https://www.redbus.in/bus-tickets/hazaribagh-to-patna,Tejas Maa Bhawani,A/C Seater / Sleeper (2+2),21:35,06h 26m,04:01,2.1,800
131,Patna (Bihar) to Raxaul,https://www.redbus.in/bus-tickets/patna-to-raxaul,Bihar state road transport corporation (BSRTC) - 150571,Non AC Seater (2+2),21:20,07h 10m,04:30,3.5,293
132,Patna (Bihar) to Raxaul,https://www.redbus.in/bus-tickets/patna-to-raxaul,Jai Hanuman Travels,A/C Seater / Sleeper (2+2),22:00,07h 00m,05:00,3.3,523
133,Patna (Bihar) to Ranchi,https://www.redbus.in/bus-tickets/patna-to-ranchi,Bihar state road transport corporation (BSRTC) - 153594,AC Seater (2+2),20:41,09h 19m,06:00,2.9,525
134,Patna (Bihar) to Ranchi,https://www.redbus.in/bus-tickets/patna-to-ranchi,Rekha Luxury,A/C Seater / Sleeper (2+1),20:00,10h 00m,06:00,3.8,509
135,Patna (Bihar) to Ranchi,https://www.redbus.in/bus-tickets/patna-to-ranchi,Sadhvi Rath,A/C Seater / Sleeper (2+1),20:40,09h 00m,05:40,3.3,540
136,Patna (Bihar) to Ranchi,https://www.redbus.in/bus-tickets/patna-to-ranchi,Mahuli Travels,A/C Seater / Sleeper (2+1),21:15,08h 45m,06:00,3.4,495
137,Patna (Bihar) to Ranchi,https://www.redbus.in/bus-tickets/patna-to-ranchi,Rajdhani bus service,A/C Sleeper (2+1),20:05,07h 55m,04:00,4.3,739
138,Patna (Bihar) to Ranchi,https://www.redbus.in/bus-tickets/patna-to-ranchi,Divya Rath,A/C Sleeper (2+1),20:15,08h 15m,04:30,3.6,855
139,Patna (Bihar) to Ranchi,https://www.redbus.in/bus-tickets/patna-to-ranchi,Chandralok Travels,A/C Seater / Sleeper (2+1),21:20,08h 50m,06:10,2.6,600
140,Patna (Bihar) to Ranchi,https://www.redbus.in/bus-tickets/patna-to-ranchi,KRISHNA RATH LUXURY,A/C Seater / Sleeper (2+1),21:00,08h 30m,05:30,2.0,495
141,Patna (Bihar) to Ranchi,https://www.redbus.in/bus-tickets/patna-to-ranchi,MAA SHANTI TRAVELS,A/C Seater / Sleeper (2+1),20:27,07h 48m,04:15,4.0,800
142,Patna (Bihar) to Ranchi,https://www.redbus.in/bus-tickets/patna-to-ranchi,Bharat paryatan (patliputra services),A/C Semi Sleeper (2+2),21:00,07h 30m,04:30,4.1,600
143,Patna (Bihar) to Ranchi,https://www.redbus.in/bus-tickets/patna-to-ranchi,Rajdhani bus service,Non A/C Seater / Sleeper (2+1),18:30,09h 15m,03:45,3.6,555
144,Patna (Bihar) to Ranchi,https://www.redbus.in/bus-tickets/patna-to-ranchi,VIJAY RATH,A/C Seater / Sleeper (2+1),19:16,09h 29m,04:45,3.7,665
145,Patna (Bihar) to Ranchi,https://www.redbus.in/bus-tickets/patna-to-ranchi,Arzoo Travels,Bharat Benz A/C Seater /Sleeper (2+1),20:45,08h 45m,05:30,2.7,481
146,Patna (Bihar) to Ranchi,https://www.redbus.in/bus-tickets/patna-to-ranchi,Puja Rath,A/C Seater / Sleeper (2+1),21:00,08h 40m,05:40,2.8,540
147,Patna (Bihar) to Ranchi,https://www.redbus.in/bus-tickets/patna-to-ranchi,Maa Bhawani Travels,A/C Seater / Sleeper (2+1),21:45,07h 45m,05:30,2.6,540
148,Patna (Bihar) to Ranchi,https://www.redbus.in/bus-tickets/patna-to-ranchi,Pihu (yvts),A/C Seater / Sleeper (2+1),19:30,08h 40m,04:10,3.0,700
149,Patna (Bihar) to Ranchi,https://www.redbus.in/bus-tickets/patna-to-ranchi,Arzoo Travels,A/C Seater / Sleeper (2+1),20:30,09h 00m,05:30,1.9,463
150,Patna (Bihar) to Ranchi,https://www.redbus.in/bus-tickets/patna-to-ranchi,JGD Travels Pvt Ltd.,Bharat Benz A/C Sleeper (2+1),20:15,08h 10m,04:25,2.4,925
151,Patna (Bihar) to Ranchi,https://www.redbus.in/bus-tickets/patna-to-ranchi,Sri Krishna Rath,NON A/C Seater / Sleeper (2+2),22:35,09h 55m,08:30,1.0,463
152,Patna (Bihar) to Ranchi,https://www.redbus.in/bus-tickets/patna-to-ranchi,Tejas Maa Bhawani,A/C Sleeper (2+1),21:30,08h 30m,06:00,1.9,800
153,Patna (Bihar) to Ranchi,https://www.redbus.in/bus-tickets/patna-to-ranchi,MAA SHANTI TRAVELS,A/C Seater/Sleeper (2+1),21:40,08h 45m,06:25,3.5,500
154,Patna (Bihar) to Ranchi,https://www.redbus.in/bus-tickets/patna-to-ranchi,Yarana Travels,NON AC Seater / Sleeper 2+1,18:01,08h 59m,03:00,3.5,600
155,Patna (Bihar) to Ranchi,https://www.redbus.in/bus-tickets/patna-to-ranchi,Maharani Transport,A/C Seater / Sleeper (2+2),16:15,11h 45m,04:00,3.0,601
156,Patna (Bihar) to Ranchi,https://www.redbus.in/bus-tickets/patna-to-ranchi,Pappu Travels (yvts),A/C Seater/Sleeper (2+1),21:30,08h 30m,06:00,3.0,800
157,Patna (Bihar) to Ranchi,https://www.redbus.in/bus-tickets/patna-to-ranchi,Pihu Enterprises Private Limited,A/C Seater / Sleeper (2+1),19:30,10h 00m,05:30,2.7,630
158,Patna (Bihar) to Ranchi,https://www.redbus.in/bus-tickets/patna-to-ranchi,Jai Mata Di Tour and Travels,A/C Seater / Sleeper (2+2),21:30,08h 30m,06:00,2.3,675
159,Patna (Bihar) to Ranchi,https://www.redbus.in/bus-tickets/patna-to-ranchi,RAUSHAN TRAVELS AND HOSPITALITY,A/C Seater / Sleeper (2+2),20:45,08h 45m,05:30,1.7,700
160,Patna (Bihar) to Ranchi,https://www.redbus.in/bus-tickets/patna-to-ranchi,Sri Krishna Rath,A/C Seater / Sleeper (2+1),21:15,07h 15m,04:30,1.4,463
161,Patna (Bihar) to Ranchi,https://www.redbus.in/bus-tickets/patna-to-ranchi,Sri Krishna Rath,A/C Seater / Sleeper (2+2),21:15,07h 15m,04:30,1.4,463
162,Muzaffarpur (Bihar) to Ranchi,https://www.redbus.in/bus-tickets/muzaffarpur-to-ranchi,Bihar state road transport corporation (BSRTC) - 153594,AC Seater (2+2),18:00,12h 00m,06:00,3.5,605
163,Muzaffarpur (Bihar) to Ranchi,https://www.redbus.in/bus-tickets/muzaffarpur-to-ranchi,JGD Travels Pvt Ltd.,Bharat Benz A/C Sleeper (2+1),18:10,10h 15m,04:25,3.4,925
164,Muzaffarpur (Bihar) to Ranchi,https://www.redbus.in/bus-tickets/muzaffarpur-to-ranchi,Jai Mata Di Tour and Travels,A/C Seater / Sleeper (2+2),19:15,10h 45m,06:00,2.4,630
165,Muzaffarpur (Bihar) to Ranchi,https://www.redbus.in/bus-tickets/muzaffarpur-to-ranchi,Jai Mata Di Tour and Travels,A/C Seater / Sleeper (2+2),18:00,10h 30m,04:30,3.2,720
166,Muzaffarpur (Bihar) to Ranchi,https://www.redbus.in/bus-tickets/muzaffarpur-to-ranchi,Pawapuri Motors,A/C Seater / Sleeper (2+1),17:30,12h 15m,05:45,2.7,800
167,Muzaffarpur (Bihar) to Ranchi,https://www.redbus.in/bus-tickets/muzaffarpur-to-ranchi,Tejas Maa Bhawani,AC Sleeper (2+1),18:45,11h 15m,06:00,2.9,900
168,Muzaffarpur (Bihar) to Ranchi,https://www.redbus.in/bus-tickets/muzaffarpur-to-ranchi,Tejas Maa Bhawani,A/C Sleeper (2+1),18:55,11h 05m,06:00,2.9,800
169,Ranchi to Muzaffarpur (Bihar),https://www.redbus.in/bus-tickets/ranchi-to-muzaffarpur,Bihar state road transport corporation (BSRTC) - 153614,AC Seater (2+2),20:55,10h 35m,07:30,2.8,605
170,Ranchi to Muzaffarpur (Bihar),https://www.redbus.in/bus-tickets/ranchi-to-muzaffarpur,JGD Travels Pvt Ltd.,Bharat Benz A/C Sleeper (2+1),20:35,09h 40m,06:15,4.0,925
171,Ranchi to Muzaffarpur (Bihar),https://www.redbus.in/bus-tickets/ranchi-to-muzaffarpur,Jai Mata Di Tour and Travels,A/C Seater / Sleeper (2+2),19:15,11h 15m,06:30,2.9,630
172,Ranchi to Muzaffarpur (Bihar),https://www.redbus.in/bus-tickets/ranchi-to-muzaffarpur,Tejas Maa Bhawani,A/C Seater / Sleeper (2+2),18:15,11h 15m,05:30,2.0,800
173,Ranchi to Muzaffarpur (Bihar),https://www.redbus.in/bus-tickets/ranchi-to-muzaffarpur,Jai Mata Di Tour and Travels,A/C Seater / Sleeper (2+2),18:45,09h 30m,04:15,1.1,900
174,Ranchi to Muzaffarpur (Bihar),https://www.redbus.in/bus-tickets/ranchi-to-muzaffarpur,Tejas Maa Bhawani,A/C Sleeper (2+1),18:30,10h 45m,05:15,2.4,800
175,Ranchi to Muzaffarpur (Bihar),https://www.redbus.in/bus-tickets/ranchi-to-muzaffarpur,Jai Mata Di Tour and Travels,AC Seater (2+2),20:00,09h 00m,05:00,2.0,990
176,Motihari to Lucknow,https://www.redbus.in/bus-tickets/motihari-to-lucknow,Bihar state road transport corporation (BSRTC) - 152154,Volvo AC Seater 2+2,15:30,09h 30m,01:00,3.6,800
177,Motihari to Lucknow,https://www.redbus.in/bus-tickets/motihari-to-lucknow,MISHRA BANDHU BUS SERVICE,A/C Seater / Sleeper (2+1),16:55,11h 19m,04:14,2.7,899
178,Motihari to Lucknow,https://www.redbus.in/bus-tickets/motihari-to-lucknow,Baba Khatushyam Travels Pvt Ltd,A/C Seater / Sleeper (3+1),17:35,09h 25m,03:00,1.7,1699
179,Motihari to Lucknow,https://www.redbus.in/bus-tickets/motihari-to-lucknow,Shree Balajee Travels And Cargo,A/C Seater / Sleeper (2+1),15:00,10h 00m,01:00,1.2,1799
180,Motihari to Lucknow,https://www.redbus.in/bus-tickets/motihari-to-lucknow,Travel Point World LLP,A/C Seater / Sleeper (2+2),18:20,09h 00m,03:20,1.5,2312
181,Lucknow to Motihari,https://www.redbus.in/bus-tickets/lucknow-to-motihari,Bihar state road transport corporation (BSRTC) - 152185,Volvo AC Seater 2+2,23:00,09h 30m,08:30,3.3,680
182,Lucknow to Motihari,https://www.redbus.in/bus-tickets/lucknow-to-motihari,MISHRA BANDHU BUS SERVICE,A/C Seater / Sleeper (2+1),21:30,10h 00m,07:30,2.5,850
183,Agra to Motihari,https://www.redbus.in/bus-tickets/agra-to-motihari,Bihar state road transport corporation (BSRTC) - 152185,Volvo AC Seater 2+2,18:00,14h 30m,08:30,2.4,995
184,Agra to Motihari,https://www.redbus.in/bus-tickets/agra-to-motihari,Panwar Travels,A/C Sleeper (2+1),21:45,19h 45m,17:30,2.8,1850
185,Agra to Motihari,https://www.redbus.in/bus-tickets/agra-to-motihari,Shree Balajee Travels And Cargo,NON A/C Seater/ Sleeper (2+1),21:30,0-6h 00m,15:30,1.2,1500
186,Agra to Motihari,https://www.redbus.in/bus-tickets/agra-to-motihari,Shree Balajee Travels And Cargo,A/C Seater / Sleeper (2+1),18:00,15h 00m,09:00,1.2,1799
187,Patna (Bihar) to Janakpur (Nepal),https://www.redbus.in/bus-tickets/patna-to-janakpur-nepal,Bihar state road transport corporation (BSRTC) - 171326,Non AC Seater (2+2),21:55,08h 35m,06:30,3.0,275
188,Patna (Bihar) to Janakpur (Nepal),https://www.redbus.in/bus-tickets/patna-to-janakpur-nepal,V.I.P Travels,A/C Seater Hi-Tech Push Back (2+2),21:30,09h 30m,07:00,2.7,375
189,Muzaffarpur (Bihar) to Hazaribagh,https://www.redbus.in/bus-tickets/muzaffarpur-to-hazaribagh,Bihar state road transport corporation (BSRTC) - 153594,AC Seater (2+2),18:00,10h 00m,04:00,3.6,484
190,Muzaffarpur (Bihar) to Hazaribagh,https://www.redbus.in/bus-tickets/muzaffarpur-to-hazaribagh,Pawapuri Motors,A/C Seater / Sleeper (2+1),17:30,09h 30m,03:00,2.2,750
191,Muzaffarpur (Bihar) to Hazaribagh,https://www.redbus.in/bus-tickets/muzaffarpur-to-hazaribagh,Tejas Maa Bhawani,AC Sleeper (2+1),18:45,08h 40m,03:25,2.1,900
192,Muzaffarpur (Bihar) to Hazaribagh,https://www.redbus.in/bus-tickets/muzaffarpur-to-hazaribagh,Tejas Maa Bhawani,A/C Sleeper (2+1),18:55,09h 05m,04:00,2.1,800
193,Purnea to Patna (Bihar),https://www.redbus.in/bus-tickets/purnea-to-patna,AITIANA CRUISELINERS,A/C Seater / Sleeper (2+1),21:00,09h 00m,06:00,4.0,500
194,Purnea to Patna (Bihar),https://www.redbus.in/bus-tickets/purnea-to-patna,Aitiana Airwings,Benz A/C Sleeper (2+1),21:00,08h 00m,05:00,4.0,650
195,Purnea to Patna (Bihar),https://www.redbus.in/bus-tickets/purnea-to-patna,Divya Rath,A/C Sleeper (2+1),20:30,09h 00m,05:30,4.2,618
196,Purnea to Patna (Bihar),https://www.redbus.in/bus-tickets/purnea-to-patna,MAA SHANTI TRAVELS,A/C Seater / Sleeper (2+1),20:10,08h 50m,05:00,4.0,600
197,Purnea to Patna (Bihar),https://www.redbus.in/bus-tickets/purnea-to-patna,Raj Bus Services,A/C Seater / Sleeper (2+1),13:35,07h 00m,20:35,2.8,450
198,Purnea to Patna (Bihar),https://www.redbus.in/bus-tickets/purnea-to-patna,Sadhvi Rath,A/C Seater / Sleeper (2+1),19:36,10h 00m,05:36,3.4,468
199,Purnea to Patna (Bihar),https://www.redbus.in/bus-tickets/purnea-to-patna,Sri Krishna Rath,A/C Seater / Sleeper (2+2),21:00,07h 15m,04:15,2.0,499
200,Purnea to Patna (Bihar),https://www.redbus.in/bus-tickets/purnea-to-patna,MAA KAMAKHYA DREAMLINER,A/C Seater / Sleeper (2+1),20:10,08h 50m,05:00,4.3,495
201,Purnea to Patna (Bihar),https://www.redbus.in/bus-tickets/purnea-to-patna,Maa Satyabhama Rath,A/C Seater / Sleeper (2+1),21:00,09h 00m,06:00,3.6,600
202,Purnea to Patna (Bihar),https://www.redbus.in/bus-tickets/purnea-to-patna,Shatabdi Travels,A/C Seater / Sleeper (2+1),19:30,09h 00m,04:30,3.7,600
203,Purnea to Patna (Bihar),https://www.redbus.in/bus-tickets/purnea-to-patna,MAA SHANTI TRAVELS,A/C Seater / Sleeper (2+1),20:45,08h 30m,05:15,3.5,600
204,Purnea to Patna (Bihar),https://www.redbus.in/bus-tickets/purnea-to-patna,Sri Krishna Tours and Travels,A/C Seater / Sleeper (2+2),21:00,08h 20m,05:20,3.2,599
205,Purnea to Patna (Bihar),https://www.redbus.in/bus-tickets/purnea-to-patna,Shatabdi Travels,A/C Seater / Sleeper (2+1),19:50,09h 00m,04:50,3.6,650
206,Purnea to Patna (Bihar),https://www.redbus.in/bus-tickets/purnea-to-patna,Aitiana Travels,NON A/C Seater / Sleeper (2+2),20:00,10h 00m,06:00,3.2,300
207,Purnea to Patna (Bihar),https://www.redbus.in/bus-tickets/purnea-to-patna,Hawa Hawai,A/C Seater / Sleeper (2+1),20:30,09h 00m,05:30,3.4,570
208,Purnea to Patna (Bihar),https://www.redbus.in/bus-tickets/purnea-to-patna,Raj Bus Services,A/C Seater / Sleeper (2+2),22:45,09h 00m,07:45,2.8,463
209,Purnea to Patna (Bihar),https://www.redbus.in/bus-tickets/purnea-to-patna,Vivek Travels (yvts),A/C Seater/Sleeper (2+1),22:00,07h 20m,05:20,2.8,700
210,Purnea to Patna (Bihar),https://www.redbus.in/bus-tickets/purnea-to-patna,Aarush Krrish,A/C Seater / Sleeper (2+1),21:00,08h 30m,05:30,2.1,540
211,Purnea to Patna (Bihar),https://www.redbus.in/bus-tickets/purnea-to-patna,Meera Travels (Yvts),A/C Seater / Sleeper (2+1),20:15,10h 00m,06:15,1.5,600
212,Purnea to Patna (Bihar),https://www.redbus.in/bus-tickets/purnea-to-patna,Shivam Travels,NON A/C Seater / Sleeper (2+2),20:30,08h 30m,05:00,1.2,450
213,Purnea to Patna (Bihar),https://www.redbus.in/bus-tickets/purnea-to-patna,Shri Sai Krishna Luxury,A/C Seater / Sleeper (2+1),20:00,09h 30m,05:30,3.3,600
214,Purnea to Patna (Bihar),https://www.redbus.in/bus-tickets/purnea-to-patna,Shree Sai Krishna Luxury,A/C Seater / Sleeper (2+1),20:00,09h 00m,05:00,2.9,700
215,Purnea to Patna (Bihar),https://www.redbus.in/bus-tickets/purnea-to-patna,Sameer Travels (GT),A/C Seater / Sleeper (2+2),23:40,06h 50m,06:30,2.6,500
216,Purnea to Patna (Bihar),https://www.redbus.in/bus-tickets/purnea-to-patna,Sree Balaji Travels,A/C Seater / Sleeper (2+1),19:30,09h 00m,04:30,2.0,509
217,Purnea to Patna (Bihar),https://www.redbus.in/bus-tickets/purnea-to-patna,Jay Jagdambay Tour And Travels,A/C Seater / Sleeper (2+1),23:20,07h 40m,07:00,1.9,648
218,Patna (Bihar) to Araria (Bihar),https://www.redbus.in/bus-tickets/patna-to-araria,Bihar state road transport corporation (BSRTC) - 142847,AC Seater (2+2),21:25,07h 10m,04:35,3.1,468
219,Patna (Bihar) to Araria (Bihar),https://www.redbus.in/bus-tickets/patna-to-araria,MAA SHANTI TRAVELS,A/C Seater / Sleeper (2+1),21:25,08h 05m,05:30,4.5,600
220,Patna (Bihar) to Araria (Bihar),https://www.redbus.in/bus-tickets/patna-to-araria,Divya Rath,A/C Sleeper (2+1),20:45,08h 00m,04:45,4.5,618
221,Patna (Bihar) to Araria (Bihar),https://www.redbus.in/bus-tickets/patna-to-araria,AITIANA CRUISELINERS,A/C Seater / Sleeper (2+1),21:15,08h 15m,05:30,4.1,500
222,Patna (Bihar) to Araria (Bihar),https://www.redbus.in/bus-tickets/patna-to-araria,Sadhvi Rath,A/C Seater / Sleeper (2+1),20:20,08h 50m,05:10,3.5,495
223,Patna (Bihar) to Araria (Bihar),https://www.redbus.in/bus-tickets/patna-to-araria,AITIANA CRUISELINERS,Bharat Benz A/C Seater /Sleeper (2+1),20:20,08h 10m,04:30,3.4,500
224,Patna (Bihar) to Araria (Bihar),https://www.redbus.in/bus-tickets/patna-to-araria,Shatabdi Travels,A/C Seater / Sleeper (2+1),21:55,08h 00m,05:55,3.4,600
225,Patna (Bihar) to Araria (Bihar),https://www.redbus.in/bus-tickets/patna-to-araria,Sri Krishna Tours and Travels,A/C Seater / Sleeper (2+2),20:30,08h 25m,04:55,3.2,600
226,Patna (Bihar) to Araria (Bihar),https://www.redbus.in/bus-tickets/patna-to-araria,Maa Satyabhama Rath,A/C Seater / Sleeper (2+1),21:00,08h 30m,05:30,3.2,600
227,Patna (Bihar) to Araria (Bihar),https://www.redbus.in/bus-tickets/patna-to-araria,Shatabdi Travels,A/C Seater / Sleeper (2+1),20:20,08h 00m,04:20,3.2,600
228,Patna (Bihar) to Araria (Bihar),https://www.redbus.in/bus-tickets/patna-to-araria,Hawa Hawai,A/C Seater / Sleeper (2+1),20:00,08h 00m,04:00,3.8,523
229,Patna (Bihar) to Araria (Bihar),https://www.redbus.in/bus-tickets/patna-to-araria,Shree Sai Krishna Luxury,A/C Seater / Sleeper (2+1),20:15,09h 15m,05:30,3.5,600
230,Patna (Bihar) to Araria (Bihar),https://www.redbus.in/bus-tickets/patna-to-araria,MAA SHANTI TRAVELS,Non A/C Seater / Sleeper (2+1),22:10,07h 15m,05:25,3.3,650
231,Patna (Bihar) to Araria (Bihar),https://www.redbus.in/bus-tickets/patna-to-araria,Sri Krishna Rath,A/C Seater / Sleeper (2+2),20:30,08h 50m,05:20,2.0,463
232,Darbhanga to Patna (Bihar),https://www.redbus.in/bus-tickets/darbhanga-to-patna,Bihar state road transport corporation (BSRTC) - 150464,Non AC Seater (2+2),17:40,04h 00m,21:40,2.0,213
233,Darbhanga to Patna (Bihar),https://www.redbus.in/bus-tickets/darbhanga-to-patna,Sri Krishna Tours and Travels,A/C Seater Push Back (2+2),16:30,03h 30m,20:00,3.1,330
234,Darbhanga to Patna (Bihar),https://www.redbus.in/bus-tickets/darbhanga-to-patna,Sri Krishna Tours and Travels,A/C Seater Push Back (2+2),17:00,03h 55m,20:55,3.7,330
235,Darbhanga to Patna (Bihar),https://www.redbus.in/bus-tickets/darbhanga-to-patna,Sri Krishna Tours and Travels,A/C Seater Push Back (2+2),13:30,03h 45m,17:15,2.8,330
236,Darbhanga to Patna (Bihar),https://www.redbus.in/bus-tickets/darbhanga-to-patna,Shiv Ganga Travels,A/C Seater (2+2),14:06,03h 34m,17:40,2.1,330
237,Darbhanga to Patna (Bihar),https://www.redbus.in/bus-tickets/darbhanga-to-patna,Rukmanti (AT),A/C Seater / Sleeper (2+1),23:59,05h 01m,05:00,1.6,522
238,Patna (Bihar) to Saharsa,https://www.redbus.in/bus-tickets/patna-to-saharsa,Bihar state road transport corporation (BSRTC) - 152896,Non AC Seater (2+2),21:59,08h 01m,06:00,2.4,400
239,Patna (Bihar) to Saharsa,https://www.redbus.in/bus-tickets/patna-to-saharsa,Rukmanti (AT),A/C Seater / Sleeper (2+1),20:00,09h 00m,05:00,2.1,523
240,Patna (Bihar) to Saharsa,https://www.redbus.in/bus-tickets/patna-to-saharsa,Tiwari Motors,A/C Seater / Sleeper (2+1),20:00,09h 05m,05:05,2.5,449
241,Patna (Bihar) to Saharsa,https://www.redbus.in/bus-tickets/patna-to-saharsa,Sri Krishna Rath,A/C Seater / Sleeper (2+2),20:30,07h 30m,04:00,1.8,648
242,Patna (Bihar) to Saharsa,https://www.redbus.in/bus-tickets/patna-to-saharsa,Raj Rath,A/C Seater / Sleeper (2+2),21:00,09h 00m,06:00,2.7,425
243,Motihari to Agra,https://www.redbus.in/bus-tickets/motihari-to-agra,Bihar state road transport corporation (BSRTC) - 152154,Volvo AC Seater 2+2,15:30,13h 30m,05:00,4.3,1206
244,Motihari to Agra,https://www.redbus.in/bus-tickets/motihari-to-agra,Baba Khatushyam Travels Pvt Ltd,A/C Seater / Sleeper (3+1),17:35,13h 55m,07:30,1.7,1699
245,Motihari to Agra,https://www.redbus.in/bus-tickets/motihari-to-agra,Shree Balajee Travels And Cargo,A/C Seater / Sleeper (2+1),15:00,15h 43m,06:43,1.2,1799
246,Motihari to Agra,https://www.redbus.in/bus-tickets/motihari-to-agra,Travel Point World LLP,A/C Seater / Sleeper (2+2),18:20,12h 30m,06:50,1.5,2374
247,Patna (Bihar) to Forbesganj,https://www.redbus.in/bus-tickets/patna-to-forbesganj,Bihar state road transport corporation (BSRTC) - 142847,AC Seater (2+2),21:25,06h 35m,04:00,3.3,450
248,Patna (Bihar) to Forbesganj,https://www.redbus.in/bus-tickets/patna-to-forbesganj,MAA SHANTI TRAVELS,A/C Seater / Sleeper (2+1),21:25,07h 00m,04:25,4.5,600
249,Patna (Bihar) to Forbesganj,https://www.redbus.in/bus-tickets/patna-to-forbesganj,Divya Rath,A/C Sleeper (2+1),20:45,07h 00m,03:45,4.7,618
250,Patna (Bihar) to Forbesganj,https://www.redbus.in/bus-tickets/patna-to-forbesganj,Shatabdi Travels,A/C Seater / Sleeper (2+1),21:55,07h 45m,05:40,3.5,600
251,Patna (Bihar) to Forbesganj,https://www.redbus.in/bus-tickets/patna-to-forbesganj,Raj Bus Services,Bharat Benz A/C Seater /Sleeper (2+1),20:35,07h 30m,04:05,3.4,450
252,Patna (Bihar) to Forbesganj,https://www.redbus.in/bus-tickets/patna-to-forbesganj,Raj Bus Services,Bharat Benz A/C Seater /Sleeper (2+1),18:25,07h 50m,02:15,3.4,450
253,Patna (Bihar) to Forbesganj,https://www.redbus.in/bus-tickets/patna-to-forbesganj,Raj Bus Services,A/C Seater / Sleeper (2+1),19:25,08h 40m,04:05,3.4,463
254,Patna (Bihar) to Forbesganj,https://www.redbus.in/bus-tickets/patna-to-forbesganj,Raj Bus Services,A/C Seater / Sleeper (2+1),16:55,09h 10m,02:05,3.4,450
255,Patna (Bihar) to Forbesganj,https://www.redbus.in/bus-tickets/patna-to-forbesganj,Sri Krishna Tours and Travels,A/C Seater / Sleeper (2+2),20:30,07h 40m,04:10,3.2,600
256,Patna (Bihar) to Forbesganj,https://www.redbus.in/bus-tickets/patna-to-forbesganj,Sadhvi Rath,A/C Seater / Sleeper (2+1),20:20,06h 45m,03:05,3.1,495
257,Patna (Bihar) to Forbesganj,https://www.redbus.in/bus-tickets/patna-to-forbesganj,Shatabdi Travels,A/C Seater / Sleeper (2+1),20:20,07h 45m,04:05,3.8,600
258,Patna (Bihar) to Forbesganj,https://www.redbus.in/bus-tickets/patna-to-forbesganj,Maa Satyabhama Rath,A/C Seater / Sleeper (2+1),21:00,07h 45m,04:45,2.9,600
259,Patna (Bihar) to Forbesganj,https://www.redbus.in/bus-tickets/patna-to-forbesganj,Meera Travels (Yvts),A/C Seater / Sleeper (2+1),20:30,08h 45m,05:15,1.8,600
260,Patna (Bihar) to Forbesganj,https://www.redbus.in/bus-tickets/patna-to-forbesganj,MAA SHANTI TRAVELS,Non A/C Seater / Sleeper (2+1),22:10,06h 50m,05:00,4.3,650
261,Patna (Bihar) to Forbesganj,https://www.redbus.in/bus-tickets/patna-to-forbesganj,Shree Sai Krishna Luxury,A/C Seater / Sleeper (2+1),20:15,08h 55m,05:10,2.9,600
262,Patna (Bihar) to Forbesganj,https://www.redbus.in/bus-tickets/patna-to-forbesganj,Sri Krishna Rath,A/C Seater / Sleeper (2+2),20:30,07h 30m,04:00,1.8,463
263,Patna (Bihar) to Forbesganj,https://www.redbus.in/bus-tickets/patna-to-forbesganj,Aarush Krrish,A/C Seater / Sleeper (2+1),21:00,07h 00m,04:00,1.9,540
264,Ranchi to Hajipur (Bihar),https://www.redbus.in/bus-tickets/ranchi-to-hajipur,Bihar state road transport corporation (BSRTC) - 153614,AC Seater (2+2),20:55,09h 35m,06:30,3.2,541
265,Ranchi to Hajipur (Bihar),https://www.redbus.in/bus-tickets/ranchi-to-hajipur,JGD Travels Pvt Ltd.,Bharat Benz A/C Sleeper (2+1),20:35,08h 25m,05:00,3.5,925
266,Ranchi to Hajipur (Bihar),https://www.redbus.in/bus-tickets/ranchi-to-hajipur,Pappu Travels (yvts),A/C Seater/Sleeper (2+1),16:45,10h 45m,03:30,3.0,800
267,Ranchi to Hajipur (Bihar),https://www.redbus.in/bus-tickets/ranchi-to-hajipur,Jai Mata Di Tour and Travels,A/C Seater / Sleeper (2+2),18:45,08h 30m,03:15,2.3,900
268,Ranchi to Hajipur (Bihar),https://www.redbus.in/bus-tickets/ranchi-to-hajipur,Jai Mata Di Tour and Travels,A/C Seater / Sleeper (2+2),18:30,09h 30m,04:00,2.3,900
269,Ranchi to Hajipur (Bihar),https://www.redbus.in/bus-tickets/ranchi-to-hajipur,Jai Mata Di Tour and Travels,A/C Seater / Sleeper (2+2),19:15,09h 45m,05:00,2.3,900
270,Ranchi to Hajipur (Bihar),https://www.redbus.in/bus-tickets/ranchi-to-hajipur,Jai Mata Di Tour and Travels,AC Seater (2+2),20:00,08h 00m,04:00,2.3,990
271,Ranchi to Hajipur (Bihar),https://www.redbus.in/bus-tickets/ranchi-to-hajipur,Tejas Maa Bhawani,A/C Seater / Sleeper (2+2),18:15,09h 40m,03:55,2.1,700
272,Ranchi to Hajipur (Bihar),https://www.redbus.in/bus-tickets/ranchi-to-hajipur,Tejas Maa Bhawani,A/C Sleeper (2+1),18:30,10h 30m,05:00,2.1,775
273,Ranchi to Hajipur (Bihar),https://www.redbus.in/bus-tickets/ranchi-to-hajipur,RAUSHAN TRAVELS AND HOSPITALITY,A/C Seater / Sleeper (2+2),19:30,09h 00m,04:30,1.7,700
274,Lucknow to Gopalganj (Bihar),https://www.redbus.in/bus-tickets/lucknow-to-gopalganj,Bihar state road transport corporation (BSRTC) - 152185,Volvo AC Seater 2+2,23:00,08h 00m,07:00,3.1,595
275,Lucknow to Gopalganj (Bihar),https://www.redbus.in/bus-tickets/lucknow-to-gopalganj,MISHRA BANDHU BUS SERVICE,A/C Seater / Sleeper (2+1),21:30,07h 30m,05:00,3.9,850
276,Lucknow to Gopalganj (Bihar),https://www.redbus.in/bus-tickets/lucknow-to-gopalganj,Samay Shatabdi Travels Pvt Ltd,AC Sleeper (2+1),21:00,06h 45m,03:45,4.4,1099
277,Lucknow to Gopalganj (Bihar),https://www.redbus.in/bus-tickets/lucknow-to-gopalganj,Gorakhdham Express Bus Service,A/C Seater / Sleeper (2+2),23:55,07h 35m,07:30,1.6,1195
278,Lucknow to Gopalganj (Bihar),https://www.redbus.in/bus-tickets/lucknow-to-gopalganj,BSS COOL COOL TRAVELS,A/C Seater / Sleeper (2+2),23:30,09h 15m,08:45,4.1,3399
279,Lucknow to Gopalganj (Bihar),https://www.redbus.in/bus-tickets/lucknow-to-gopalganj,Panwar Travels,A/C Seater / Sleeper (2+1),21:30,06h 35m,04:05,2.8,2800
280,Lucknow to Gopalganj (Bihar),https://www.redbus.in/bus-tickets/lucknow-to-gopalganj,Maan Travels,NON AC Seater / Sleeper 2+1,23:55,10h 35m,10:30,1.6,1450
281,Lucknow to Gopalganj (Bihar),https://www.redbus.in/bus-tickets/lucknow-to-gopalganj,Maa Laxmi Bihar Express,Non A/C Seater / Sleeper (2+1),22:30,09h 30m,08:00,1.3,1000
282,Lucknow to Gopalganj (Bihar),https://www.redbus.in/bus-tickets/lucknow-to-gopalganj,Shree Balajee Travels And Cargo,A/C Seater / Sleeper (2+1),23:30,08h 00m,07:30,1.2,1799
